3531923,/service/album/get_album_data.jsp,小红点,0,,,,,,,,,,,,,,,
319445,/service/album/get_album_themes_list.jsp?act=single_album,获取相册信息,0,,,,,,,,,,,,,,,
286377,/service/album/get_album_themes_list.jsp?act=local_img,获取本地图片,0,,,,,,,,,,,,,,,
275502,/static/index.html,首页,0,,,,,,,,,,,,,,,
254898,/service/get_qiuniu_token.jsp,获取七牛token,0,,,,,,,,,,,,,,,
171840,/service/sys/sys_config.jsp?act=get_android_config,获取安卓配置,0,,,,,,,,,,,,,,,
149323,/service/album/album_operation.jsp?act=get_shop_minicode,获取相册小程序码,0,,,,,,,,,,,,,,,
146925,/service/account/user_info_operation.jsp?act=get_vip_object,获取vip信息,0,,,,,,,,,,,,,,,
121141,/service/album/album_theme_operation.jsp?act=save_theme,保存商品,0,,,,,,,,,,,,,,,
121096,/service/album/get_album_themes_list.jsp?act=owner,我的动态,0,,,,,,,,,,,,,,,
107548,/service/album/share_operation.jsp?act=share_plat,保存分享平台,0,,,,,,,,,,,,,,,
103553,/service/album/get_album_themes_list.jsp?act=single_item,获取商品信息,0,,,,,,,,,,,,,,,
79795,/service/album/album_theme_tag_operation.jsp?act=get_tags_except,获取所有标签(不包含无商品的标签和无标签的分组),0,,,,,,,,,,,,,,,
73094,/service/jsapi_service.jsp?act=get_config,之前的配置信息,0,,,,,,,,,,,,,,,
55113,/service/account/user_info_operation.jsp,用户信息操作,0,,,,,,,,,,,,,,,
53672,/service/album/album_theme_operation.jsp?act=app_hold_theme_only,保存上家商品,0,,,,,,,,,,,,,,,
52607,/service/sys/album_notify.jsp?act=get_last_notify,是否为预发布用户,0,,,,,,,,,,,,,,,
49343,/service/account/get_develop_status.jsp,关注列表,0,,,,,,,,,,,,,,,
48971,/service/album/get_album_list.jsp?act=attention,提示app是否需要更新,0,,,,,,,,,,,,,,,
45722,/service/app_update.jsp,获取水印编码,0,,,,,,,,,,,,,,,
44411,/service/album/album_theme_operation.jsp?act=get_markcode,获取相册水印,0,,,,,,,,,,,,,,,
43887,/service/album/album_mark_operation.jsp,获取配置信息,0,,,,,,,,,,,,,,,
42305,/service/sys/sys_config.jsp,获取水印,0,,,,,,,,,,,,,,,
41828,/service/album/album_mark_operation.jsp?act=get_watermark,修改相册图片,0,,,,,,,,,,,,,,,
2324706,/service/album/get_album_data.jsp,小红点,1,,,,,,,,,,,,,,,
183043,/service/album/get_album_themes_list.jsp?act=single_album,获取相册信息,1,,,,,,,,,,,,,,,
166583,/static/index.html,首页,1,,,,,,,,,,,,,,,
154456,/service/get_qiuniu_token.jsp,获取七牛token,1,,,,,,,,,,,,,,,
152008,/service/album/get_album_themes_list.jsp?act=local_img,获取本地图片,1,,,,,,,,,,,,,,,
88460,/service/sys/sys_config.jsp?act=get_android_config,获取安卓配置,1,,,,,,,,,,,,,,,
87932,/service/album/album_theme_operation.jsp?act=save_theme,保存商品,1,,,,,,,,,,,,,,,
82586,/service/album/album_operation.jsp?act=get_shop_minicode,获取相册小程序码,1,,,,,,,,,,,,,,,
81703,/service/account/user_info_operation.jsp?act=get_vip_object,获取vip信息,1,,,,,,,,,,,,,,,
61113,/service/album/get_album_themes_list.jsp?act=owner,我的动态,1,,,,,,,,,,,,,,,
59500,/service/album/get_album_themes_list.jsp?act=single_item,获取商品信息,1,,,,,,,,,,,,,,,
58357,/service/album/share_operation.jsp?act=share_plat,保存分享平台,1,,,,,,,,,,,,,,,
48819,/service/account/user_info_operation.jsp,用户信息操作,1,,,,,,,,,,,,,,,
47189,/service/album/album_theme_tag_operation.jsp?act=get_tags_except,获取所有标签(不包含无商品的标签和无标签的分组),1,,,,,,,,,,,,,,,
42412,/service/jsapi_service.jsp?act=get_config,之前的配置信息,1,,,,,,,,,,,,,,,
38832,/service/album/album_mark_operation.jsp,获取相册水印,1,,,,,,,,,,,,,,,
29573,/service/sys/sys_config.jsp,获取配置信息,1,,,,,,,,,,,,,,,
29051,/service/album/get_album_list.jsp?act=attention,关注列表,1,,,,,,,,,,,,,,,
27380,/service/album/album_theme_operation.jsp?act=app_hold_theme_only,保存上家商品,1,,,,,,,,,,,,,,,
26934,/service/album/album_theme_operation.jsp?act=get_markcode,获取水印编码,1,,,,,,,,,,,,,,,
25332,/service/sys/album_notify.jsp?act=get_last_notify,是否为预发布用户,1,,,,,,,,,,,,,,,
24330,/service/account/get_develop_status.jsp,提示app是否需要更新,1,,,,,,,,,,,,,,,
21555,/service/app_update.jsp,获取水印,1,,,,,,,,,,,,,,,
19351,/service/album/album_mark_operation.jsp?act=get_watermark,修改相册图片,1,,,,,,,,,,,,,,,
1903215,/service/album/get_album_data.jsp,小红点,2,,,,,,,,,,,,,,,
124851,/service/album/get_album_themes_list.jsp?act=single_album,获取相册信息,2,,,,,,,,,,,,,,,
108144,/static/index.html,首页,2,,,,,,,,,,,,,,,
105368,/service/get_qiuniu_token.jsp,获取七牛token,2,,,,,,,,,,,,,,,
96266,/service/album/get_album_themes_list.jsp?act=local_img,获取本地图片,2,,,,,,,,,,,,,,,
65247,/service/album/album_theme_operation.jsp?act=save_theme,保存商品,2,,,,,,,,,,,,,,,
56281,/service/album/album_operation.jsp?act=get_shop_minicode,获取相册小程序码,2,,,,,,,,,,,,,,,
55777,/service/account/user_info_operation.jsp?act=get_vip_object,获取vip信息,2,,,,,,,,,,,,,,,
51641,/service/sys/sys_config.jsp?act=get_android_config,获取安卓配置,2,,,,,,,,,,,,,,,
44533,/service/album/get_album_themes_list.jsp?act=single_item,获取商品信息,2,,,,,,,,,,,,,,,
40265,/service/album/share_operation.jsp?act=share_plat,保存分享平台,2,,,,,,,,,,,,,,,
39272,/service/account/user_info_operation.jsp,用户信息操作,2,,,,,,,,,,,,,,,
32958,/service/album/album_theme_tag_operation.jsp?act=get_tags_except,获取所有标签(不包含无商品的标签和无标签的分组),2,,,,,,,,,,,,,,,
32792,/service/album/get_album_themes_list.jsp?act=owner,我的动态,2,,,,,,,,,,,,,,,
31007,/service/album/album_mark_operation.jsp,获取相册水印,2,,,,,,,,,,,,,,,
29317,/service/jsapi_service.jsp?act=get_config,之前的配置信息,2,,,,,,,,,,,,,,,
21880,/service/sys/sys_config.jsp,获取配置信息,2,,,,,,,,,,,,,,,
21196,/service/album/album_theme_operation.jsp?act=get_markcode,获取水印编码,2,,,,,,,,,,,,,,,
19334,/service/album/get_album_list.jsp?act=attention,关注列表,2,,,,,,,,,,,,,,,
18930,/service/album/album_theme_operation.jsp?act=app_hold_theme_only,保存上家商品,2,,,,,,,,,,,,,,,
14203,/service/sys/album_notify.jsp?act=get_last_notify,是否为预发布用户,2,,,,,,,,,,,,,,,
13758,/service/account/get_develop_status.jsp,苹果通用链接,2,,,,,,,,,,,,,,,
11026,/service/app_update.jsp,获取水印,2,,,,,,,,,,,,,,,
1511294,/service/album/get_album_data.jsp,小红点,3,,,,,,,,,,,,,,,
76937,/static/index.html,首页,3,,,,,,,,,,,,,,,
75300,/service/album/get_album_themes_list.jsp?act=single_album,获取相册信息,3,,,,,,,,,,,,,,,
67863,/service/get_qiuniu_token.jsp,获取七牛token,3,,,,,,,,,,,,,,,
59001,/service/album/get_album_themes_list.jsp?act=local_img,获取本地图片,3,,,,,,,,,,,,,,,
44669,/service/album/album_theme_operation.jsp?act=save_theme,保存商品,3,,,,,,,,,,,,,,,
37088,/service/account/user_info_operation.jsp?act=get_vip_object,获取vip信息,3,,,,,,,,,,,,,,,
35434,/service/album/album_operation.jsp?act=get_shop_minicode,获取相册小程序码,3,,,,,,,,,,,,,,,
31385,/service/album/get_album_themes_list.jsp?act=single_item,获取商品信息,3,,,,,,,,,,,,,,,
30371,/service/sys/sys_config.jsp?act=get_android_config,获取安卓配置,3,,,,,,,,,,,,,,,
27691,/service/account/user_info_operation.jsp,用户信息操作,3,,,,,,,,,,,,,,,
27058,/service/album/share_operation.jsp?act=share_plat,保存分享平台,3,,,,,,,,,,,,,,,
21884,/service/album/album_mark_operation.jsp,获取相册水印,3,,,,,,,,,,,,,,,
20303,/service/album/album_theme_tag_operation.jsp?act=get_tags_except,获取所有标签(不包含无商品的标签和无标签的分组),3,,,,,,,,,,,,,,,
18865,/service/album/get_album_themes_list.jsp?act=owner,我的动态,3,,,,,,,,,,,,,,,
18063,/service/jsapi_service.jsp?act=get_config,之前的配置信息,3,,,,,,,,,,,,,,,
15073,/service/sys/sys_config.jsp,获取配置信息,3,,,,,,,,,,,,,,,
12771,/service/album/album_theme_operation.jsp?act=get_markcode,获取水印编码,3,,,,,,,,,,,,,,,
12252,/service/album/album_theme_operation.jsp?act=app_hold_theme_only,保存上家商品,3,,,,,,,,,,,,,,,
11210,/service/album/get_album_list.jsp?act=attention,关注列表,3,,,,,,,,,,,,,,,
8068,/service/sys/album_notify.jsp?act=get_last_notify,是否为预发布用户,3,,,,,,,,,,,,,,,
7981,/service/account/get_develop_status.jsp,修改相册图片,3,,,,,,,,,,,,,,,
6602,/service/album/album_theme_operation.jsp?act=update_img,提示app是否需要更新,3,,,,,,,,,,,,,,,
1233141,/service/album/get_album_data.jsp,小红点,4,,,,,,,,,,,,,,,
52143,/service/album/get_album_themes_list.jsp?act=single_album,获取相册信息,4,,,,,,,,,,,,,,,
50964,/static/index.html,首页,4,,,,,,,,,,,,,,,
45582,/service/get_qiuniu_token.jsp,获取七牛token,4,,,,,,,,,,,,,,,
41753,/service/album/get_album_themes_list.jsp?act=local_img,获取本地图片,4,,,,,,,,,,,,,,,
30485,/service/album/album_theme_operation.jsp?act=save_theme,保存商品,4,,,,,,,,,,,,,,,
25893,/service/account/user_info_operation.jsp?act=get_vip_object,获取vip信息,4,,,,,,,,,,,,,,,
25515,/service/album/album_operation.jsp?act=get_shop_minicode,获取相册小程序码,4,,,,,,,,,,,,,,,
22058,/service/sys/sys_config.jsp?act=get_android_config,获取安卓配置,4,,,,,,,,,,,,,,,
20449,/service/album/share_operation.jsp?act=share_plat,保存分享平台,4,,,,,,,,,,,,,,,
19928,/service/album/get_album_themes_list.jsp?act=single_item,获取商品信息,4,,,,,,,,,,,,,,,
18373,/service/account/user_info_operation.jsp,用户信息操作,4,,,,,,,,,,,,,,,
15457,/service/album/album_mark_operation.jsp,获取相册水印,4,,,,,,,,,,,,,,,
14073,/service/album/album_theme_tag_operation.jsp?act=get_tags_except,获取所有标签(不包含无商品的标签和无标签的分组),4,,,,,,,,,,,,,,,
12577,/service/album/get_album_themes_list.jsp?act=owner,我的动态,4,,,,,,,,,,,,,,,
12390,/service/jsapi_service.jsp?act=get_config,之前的配置信息,4,,,,,,,,,,,,,,,
10010,/service/sys/sys_config.jsp,获取配置信息,4,,,,,,,,,,,,,,,
9283,/service/album/album_theme_operation.jsp?act=get_markcode,获取水印编码,4,,,,,,,,,,,,,,,
8288,/service/album/album_theme_operation.jsp?act=app_hold_theme_only,保存上家商品,4,,,,,,,,,,,,,,,
7434,/service/album/get_album_list.jsp?act=attention,关注列表,4,,,,,,,,,,,,,,,
5323,/service/sys/album_notify.jsp?act=get_last_notify,是否为预发布用户,4,,,,,,,,,,,,,,,
5313,/service/account/get_develop_status.jsp,${requestUrlSrc_23},4,,,,,,,,,,,,,,,
1046848,/service/album/get_album_data.jsp,小红点,5,,,,,,,,,,,,,,,
39622,/service/album/get_album_themes_list.jsp?act=single_album,获取相册信息,5,,,,,,,,,,,,,,,
35080,/static/index.html,首页,5,,,,,,,,,,,,,,,
33427,/service/album/get_album_themes_list.jsp?act=local_img,获取本地图片,5,,,,,,,,,,,,,,,
33418,/service/get_qiuniu_token.jsp,获取七牛token,5,,,,,,,,,,,,,,,
22333,/service/album/album_theme_operation.jsp?act=save_theme,保存商品,5,,,,,,,,,,,,,,,
21014,/service/account/user_info_operation.jsp?act=get_vip_object,获取vip信息,5,,,,,,,,,,,,,,,
20337,/service/album/album_operation.jsp?act=get_shop_minicode,获取相册小程序码,5,,,,,,,,,,,,,,,
17228,/service/sys/sys_config.jsp?act=get_android_config,获取安卓配置,5,,,,,,,,,,,,,,,
16897,/service/album/share_operation.jsp?act=share_plat,保存分享平台,5,,,,,,,,,,,,,,,
14708,/service/album/get_album_themes_list.jsp?act=single_item,获取商品信息,5,,,,,,,,,,,,,,,
12682,/service/account/user_info_operation.jsp,用户信息操作,5,,,,,,,,,,,,,,,
10581,/service/album/album_theme_tag_operation.jsp?act=get_tags_except,获取所有标签(不包含无商品的标签和无标签的分组),5,,,,,,,,,,,,,,,
10316,/service/album/album_mark_operation.jsp,获取相册水印,5,,,,,,,,,,,,,,,
9474,/service/jsapi_service.jsp?act=get_config,之前的配置信息,5,,,,,,,,,,,,,,,
9293,/service/album/get_album_themes_list.jsp?act=owner,我的动态,5,,,,,,,,,,,,,,,
7451,/service/album/album_theme_operation.jsp?act=get_markcode,获取水印编码,5,,,,,,,,,,,,,,,
6960,/service/album/album_theme_operation.jsp?act=app_hold_theme_only,保存上家商品,5,,,,,,,,,,,,,,,
6580,/service/sys/sys_config.jsp,获取配置信息,5,,,,,,,,,,,,,,,
5924,/service/album/get_album_list.jsp?act=attention,关注列表,5,,,,,,,,,,,,,,,
983542,/service/album/get_album_data.jsp,小红点,6,,,,,,,,,,,,,,,
37791,/service/album/get_album_themes_list.jsp?act=local_img,获取本地图片,6,,,,,,,,,,,,,,,
36313,/service/album/get_album_themes_list.jsp?act=single_album,获取相册信息,6,,,,,,,,,,,,,,,
34946,/static/index.html,首页,6,,,,,,,,,,,,,,,
33007,/service/get_qiuniu_token.jsp,获取七牛token,6,,,,,,,,,,,,,,,
23653,/service/account/user_info_operation.jsp?act=get_vip_object,获取vip信息,6,,,,,,,,,,,,,,,
23194,/service/album/album_operation.jsp?act=get_shop_minicode,获取相册小程序码,6,,,,,,,,,,,,,,,
20395,/service/album/album_theme_operation.jsp?act=save_theme,保存商品,6,,,,,,,,,,,,,,,
19299,/service/sys/sys_config.jsp?act=get_android_config,获取安卓配置,6,,,,,,,,,,,,,,,
19004,/service/album/share_operation.jsp?act=share_plat,保存分享平台,6,,,,,,,,,,,,,,,
14101,/service/album/get_album_themes_list.jsp?act=single_item,获取商品信息,6,,,,,,,,,,,,,,,
12546,/service/album/get_album_themes_list.jsp?act=owner,我的动态,6,,,,,,,,,,,,,,,
10446,/service/album/album_theme_tag_operation.jsp?act=get_tags_except,获取所有标签(不包含无商品的标签和无标签的分组),6,,,,,,,,,,,,,,,
9723,/service/jsapi_service.jsp?act=get_config,之前的配置信息,6,,,,,,,,,,,,,,,
9362,/service/account/user_info_operation.jsp,用户信息操作,6,,,,,,,,,,,,,,,
8235,/service/album/album_theme_operation.jsp?act=app_hold_theme_only,保存上家商品,6,,,,,,,,,,,,,,,
7824,/service/album/album_theme_operation.jsp?act=get_markcode,获取水印编码,6,,,,,,,,,,,,,,,
7462,/service/album/album_mark_operation.jsp,获取相册水印,6,,,,,,,,,,,,,,,
5639,/service/sys/sys_config.jsp,获取配置信息,6,,,,,,,,,,,,,,,
5549,/service/sys/album_notify.jsp?act=get_last_notify,是否为预发布用户,6,,,,,,,,,,,,,,,
5538,/service/account/get_develop_status.jsp,关注列表,6,,,,,,,,,,,,,,,
5205,/service/album/get_album_list.jsp?act=attention,提示app是否需要更新,6,,,,,,,,,,,,,,,
5202,/service/app_update.jsp,${requestUrlSrc_24},6,,,,,,,,,,,,,,,
1142443,/service/album/get_album_data.jsp,小红点,7,,,,,,,,,,,,,,,
83479,/service/album/get_album_themes_list.jsp?act=local_img,获取本地图片,7,,,,,,,,,,,,,,,
61689,/static/index.html,首页,7,,,,,,,,,,,,,,,
60153,/service/get_qiuniu_token.jsp,获取七牛token,7,,,,,,,,,,,,,,,
59511,/service/album/get_album_themes_list.jsp?act=single_album,获取相册信息,7,,,,,,,,,,,,,,,
51453,/service/album/album_operation.jsp?act=get_shop_minicode,获取相册小程序码,7,,,,,,,,,,,,,,,
49918,/service/account/user_info_operation.jsp?act=get_vip_object,获取vip信息,7,,,,,,,,,,,,,,,
42697,/service/sys/sys_config.jsp?act=get_android_config,获取安卓配置,7,,,,,,,,,,,,,,,
41065,/service/album/share_operation.jsp?act=share_plat,保存分享平台,7,,,,,,,,,,,,,,,
34707,/service/album/album_theme_operation.jsp?act=save_theme,保存商品,7,,,,,,,,,,,,,,,
25781,/service/album/get_album_themes_list.jsp?act=owner,我的动态,7,,,,,,,,,,,,,,,
22310,/service/album/get_album_themes_list.jsp?act=single_item,获取商品信息,7,,,,,,,,,,,,,,,
19338,/service/album/album_theme_operation.jsp?act=app_hold_theme_only,保存上家商品,7,,,,,,,,,,,,,,,
18149,/service/album/album_theme_tag_operation.jsp?act=get_tags_except,获取所有标签(不包含无商品的标签和无标签的分组),7,,,,,,,,,,,,,,,
17374,/service/jsapi_service.jsp?act=get_config,之前的配置信息,7,,,,,,,,,,,,,,,
17173,/service/album/album_theme_operation.jsp?act=get_markcode,获取水印编码,7,,,,,,,,,,,,,,,
14079,/service/sys/album_notify.jsp?act=get_last_notify,是否为预发布用户,7,,,,,,,,,,,,,,,
13847,/service/account/get_develop_status.jsp,提示app是否需要更新,7,,,,,,,,,,,,,,,
13504,/service/app_update.jsp,用户信息操作,7,,,,,,,,,,,,,,,
12491,/service/account/user_info_operation.jsp,获取水印,7,,,,,,,,,,,,,,,
12320,/service/album/album_mark_operation.jsp?act=get_watermark,获取相册水印,7,,,,,,,,,,,,,,,
9681,/service/album/album_mark_operation.jsp,关注列表,7,,,,,,,,,,,,,,,
9647,/service/album/get_album_list.jsp?act=attention,苹果通用链接,7,,,,,,,,,,,,,,,
1573940,/service/album/get_album_data.jsp,小红点,8,,,,,,,,,,,,,,,
185841,/service/album/get_album_themes_list.jsp?act=local_img,获取本地图片,8,,,,,,,,,,,,,,,
135155,/service/get_qiuniu_token.jsp,获取七牛token,8,,,,,,,,,,,,,,,
133731,/static/index.html,首页,8,,,,,,,,,,,,,,,
130158,/service/album/get_album_themes_list.jsp?act=single_album,获取相册信息,8,,,,,,,,,,,,,,,
119631,/service/album/album_operation.jsp?act=get_shop_minicode,获取相册小程序码,8,,,,,,,,,,,,,,,
112174,/service/account/user_info_operation.jsp?act=get_vip_object,获取vip信息,8,,,,,,,,,,,,,,,
96031,/service/album/share_operation.jsp?act=share_plat,保存分享平台,8,,,,,,,,,,,,,,,
93885,/service/sys/sys_config.jsp?act=get_android_config,获取安卓配置,8,,,,,,,,,,,,,,,
75437,/service/album/album_theme_operation.jsp?act=save_theme,保存商品,8,,,,,,,,,,,,,,,
60488,/service/album/get_album_themes_list.jsp?act=owner,我的动态,8,,,,,,,,,,,,,,,
44677,/service/album/album_theme_operation.jsp?act=app_hold_theme_only,保存上家商品,8,,,,,,,,,,,,,,,
42558,/service/album/get_album_themes_list.jsp?act=single_item,获取商品信息,8,,,,,,,,,,,,,,,
40062,/service/album/album_theme_tag_operation.jsp?act=get_tags_except,获取所有标签(不包含无商品的标签和无标签的分组),8,,,,,,,,,,,,,,,
38988,/service/album/album_theme_operation.jsp?act=get_markcode,获取水印编码,8,,,,,,,,,,,,,,,
37696,/service/jsapi_service.jsp?act=get_config,之前的配置信息,8,,,,,,,,,,,,,,,
33183,/service/sys/album_notify.jsp?act=get_last_notify,是否为预发布用户,8,,,,,,,,,,,,,,,
32397,/service/account/get_develop_status.jsp,提示app是否需要更新,8,,,,,,,,,,,,,,,
30900,/service/app_update.jsp,获取水印,8,,,,,,,,,,,,,,,
29041,/service/album/album_mark_operation.jsp?act=get_watermark,用户信息操作,8,,,,,,,,,,,,,,,
26594,/service/account/user_info_operation.jsp,关注列表,8,,,,,,,,,,,,,,,
22860,/service/album/get_album_list.jsp?act=attention,获取相册水印,8,,,,,,,,,,,,,,,
21762,/service/album/album_mark_operation.jsp,获取配置信息,8,,,,,,,,,,,,,,,
15431,/service/sys/sys_config.jsp,修改相册图片,8,,,,,,,,,,,,,,,
2324459,/service/album/get_album_data.jsp,小红点,9,,,,,,,,,,,,,,,
340647,/service/album/get_album_themes_list.jsp?act=local_img,获取本地图片,9,,,,,,,,,,,,,,,
269486,/static/index.html,首页,9,,,,,,,,,,,,,,,
268744,/service/get_qiuniu_token.jsp,获取七牛token,9,,,,,,,,,,,,,,,
263143,/service/album/get_album_themes_list.jsp?act=single_album,获取相册信息,9,,,,,,,,,,,,,,,
217943,/service/album/album_operation.jsp?act=get_shop_minicode,获取相册小程序码,9,,,,,,,,,,,,,,,
205144,/service/account/user_info_operation.jsp?act=get_vip_object,获取vip信息,9,,,,,,,,,,,,,,,
175203,/service/album/share_operation.jsp?act=share_plat,保存分享平台,9,,,,,,,,,,,,,,,
172756,/service/sys/sys_config.jsp?act=get_android_config,获取安卓配置,9,,,,,,,,,,,,,,,
142385,/service/album/album_theme_operation.jsp?act=save_theme,保存商品,9,,,,,,,,,,,,,,,
115544,/service/album/get_album_themes_list.jsp?act=owner,我的动态,9,,,,,,,,,,,,,,,
87414,/service/album/album_theme_operation.jsp?act=app_hold_theme_only,保存上家商品,9,,,,,,,,,,,,,,,
80624,/service/album/get_album_themes_list.jsp?act=single_item,获取商品信息,9,,,,,,,,,,,,,,,
79963,/service/album/album_theme_tag_operation.jsp?act=get_tags_except,获取所有标签(不包含无商品的标签和无标签的分组),9,,,,,,,,,,,,,,,
71833,/service/jsapi_service.jsp?act=get_config,之前的配置信息,9,,,,,,,,,,,,,,,
68385,/service/album/album_theme_operation.jsp?act=get_markcode,获取水印编码,9,,,,,,,,,,,,,,,
62177,/service/sys/album_notify.jsp?act=get_last_notify,是否为预发布用户,9,,,,,,,,,,,,,,,
61109,/service/account/get_develop_status.jsp,用户信息操作,9,,,,,,,,,,,,,,,
58866,/service/account/user_info_operation.jsp,提示app是否需要更新,9,,,,,,,,,,,,,,,
56585,/service/app_update.jsp,获取水印,9,,,,,,,,,,,,,,,
51986,/service/album/album_mark_operation.jsp?act=get_watermark,获取相册水印,9,,,,,,,,,,,,,,,
46691,/service/album/album_mark_operation.jsp,关注列表,9,,,,,,,,,,,,,,,
45897,/service/album/get_album_list.jsp?act=attention,获取配置信息,9,,,,,,,,,,,,,,,
38414,/service/sys/sys_config.jsp,修改相册图片,9,,,,,,,,,,,,,,,
3544535,/service/album/get_album_data.jsp,小红点,10,,,,,,,,,,,,,,,
494113,/service/album/get_album_themes_list.jsp?act=local_img,获取本地图片,10,,,,,,,,,,,,,,,
425032,/service/get_qiuniu_token.jsp,获取七牛token,10,,,,,,,,,,,,,,,
417610,/service/album/get_album_themes_list.jsp?act=single_album,获取相册信息,10,,,,,,,,,,,,,,,
416412,/static/index.html,首页,10,,,,,,,,,,,,,,,
313347,/service/album/album_operation.jsp?act=get_shop_minicode,获取相册小程序码,10,,,,,,,,,,,,,,,
299626,/service/account/user_info_operation.jsp?act=get_vip_object,获取vip信息,10,,,,,,,,,,,,,,,
265389,/service/album/share_operation.jsp?act=share_plat,保存分享平台,10,,,,,,,,,,,,,,,
246214,/service/sys/sys_config.jsp?act=get_android_config,获取安卓配置,10,,,,,,,,,,,,,,,
217540,/service/album/album_theme_operation.jsp?act=save_theme,保存商品,10,,,,,,,,,,,,,,,
184804,/service/album/get_album_themes_list.jsp?act=owner,我的动态,10,,,,,,,,,,,,,,,
141515,/service/album/album_theme_operation.jsp?act=app_hold_theme_only,保存上家商品,10,,,,,,,,,,,,,,,
124203,/service/album/get_album_themes_list.jsp?act=single_item,获取商品信息,10,,,,,,,,,,,,,,,
121495,/service/album/album_theme_tag_operation.jsp?act=get_tags_except,获取所有标签(不包含无商品的标签和无标签的分组),10,,,,,,,,,,,,,,,
106597,/service/jsapi_service.jsp?act=get_config,之前的配置信息,10,,,,,,,,,,,,,,,
105600,/service/account/user_info_operation.jsp,用户信息操作,10,,,,,,,,,,,,,,,
95324,/service/album/album_theme_operation.jsp?act=get_markcode,获取水印编码,10,,,,,,,,,,,,,,,
92596,/service/sys/album_notify.jsp?act=get_last_notify,是否为预发布用户,10,,,,,,,,,,,,,,,
91596,/service/account/get_develop_status.jsp,获取相册水印,10,,,,,,,,,,,,,,,
82453,/service/album/album_mark_operation.jsp,提示app是否需要更新,10,,,,,,,,,,,,,,,
80594,/service/app_update.jsp,获取配置信息,10,,,,,,,,,,,,,,,
75548,/service/sys/sys_config.jsp,获取水印,10,,,,,,,,,,,,,,,
73789,/service/album/album_mark_operation.jsp?act=get_watermark,关注列表,10,,,,,,,,,,,,,,,
72164,/service/album/get_album_list.jsp?act=attention,修改相册图片,10,,,,,,,,,,,,,,,
4528329,/service/album/get_album_data.jsp,小红点,11,,,,,,,,,,,,,,,
589718,/service/album/get_album_themes_list.jsp?act=local_img,获取本地图片,11,,,,,,,,,,,,,,,
551263,/service/album/get_album_themes_list.jsp?act=single_album,获取相册信息,11,,,,,,,,,,,,,,,
537556,/service/get_qiuniu_token.jsp,获取七牛token,11,,,,,,,,,,,,,,,
523050,/static/index.html,首页,11,,,,,,,,,,,,,,,
369456,/service/album/album_operation.jsp?act=get_shop_minicode,获取相册小程序码,11,,,,,,,,,,,,,,,
355539,/service/account/user_info_operation.jsp?act=get_vip_object,获取vip信息,11,,,,,,,,,,,,,,,
312960,/service/album/share_operation.jsp?act=share_plat,保存分享平台,11,,,,,,,,,,,,,,,
297170,/service/sys/sys_config.jsp?act=get_android_config,获取安卓配置,11,,,,,,,,,,,,,,,
275937,/service/album/album_theme_operation.jsp?act=save_theme,保存商品,11,,,,,,,,,,,,,,,
230108,/service/album/get_album_themes_list.jsp?act=owner,我的动态,11,,,,,,,,,,,,,,,
167799,/service/album/album_theme_operation.jsp?act=app_hold_theme_only,保存上家商品,11,,,,,,,,,,,,,,,
162809,/service/album/get_album_themes_list.jsp?act=single_item,获取商品信息,11,,,,,,,,,,,,,,,
155095,/service/album/album_theme_tag_operation.jsp?act=get_tags_except,获取所有标签(不包含无商品的标签和无标签的分组),11,,,,,,,,,,,,,,,
144214,/service/account/user_info_operation.jsp,用户信息操作,11,,,,,,,,,,,,,,,
133768,/service/jsapi_service.jsp?act=get_config,之前的配置信息,11,,,,,,,,,,,,,,,
111583,/service/album/album_mark_operation.jsp,获取相册水印,11,,,,,,,,,,,,,,,
110123,/service/album/album_theme_operation.jsp?act=get_markcode,获取水印编码,11,,,,,,,,,,,,,,,
109820,/service/sys/album_notify.jsp?act=get_last_notify,是否为预发布用户,11,,,,,,,,,,,,,,,
109599,/service/account/get_develop_status.jsp,获取配置信息,11,,,,,,,,,,,,,,,
107404,/service/sys/sys_config.jsp,提示app是否需要更新,11,,,,,,,,,,,,,,,
94372,/service/app_update.jsp,关注列表,11,,,,,,,,,,,,,,,
89398,/service/album/get_album_list.jsp?act=attention,获取水印,11,,,,,,,,,,,,,,,
86390,/service/album/album_mark_operation.jsp?act=get_watermark,修改相册图片,11,,,,,,,,,,,,,,,
4775018,/service/album/get_album_data.jsp,小红点,12,,,,,,,,,,,,,,,
559535,/service/album/get_album_themes_list.jsp?act=single_album,获取相册信息,12,,,,,,,,,,,,,,,
553796,/service/album/get_album_themes_list.jsp?act=local_img,获取本地图片,12,,,,,,,,,,,,,,,
537371,/service/get_qiuniu_token.jsp,获取七牛token,12,,,,,,,,,,,,,,,
528233,/static/index.html,首页,12,,,,,,,,,,,,,,,
342666,/service/album/album_operation.jsp?act=get_shop_minicode,获取相册小程序码,12,,,,,,,,,,,,,,,
325629,/service/account/user_info_operation.jsp?act=get_vip_object,获取vip信息,12,,,,,,,,,,,,,,,
288035,/service/sys/sys_config.jsp?act=get_android_config,获取安卓配置,12,,,,,,,,,,,,,,,
286102,/service/album/share_operation.jsp?act=share_plat,保存分享平台,12,,,,,,,,,,,,,,,
270364,/service/album/album_theme_operation.jsp?act=save_theme,保存商品,12,,,,,,,,,,,,,,,
234724,/service/album/get_album_themes_list.jsp?act=owner,我的动态,12,,,,,,,,,,,,,,,
168932,/service/album/get_album_themes_list.jsp?act=single_item,获取商品信息,12,,,,,,,,,,,,,,,
152629,/service/album/album_theme_tag_operation.jsp?act=get_tags_except,获取所有标签(不包含无商品的标签和无标签的分组),12,,,,,,,,,,,,,,,
147223,/service/album/album_theme_operation.jsp?act=app_hold_theme_only,保存上家商品,12,,,,,,,,,,,,,,,
146483,/service/account/user_info_operation.jsp,用户信息操作,12,,,,,,,,,,,,,,,
131451,/service/jsapi_service.jsp?act=get_config,之前的配置信息,12,,,,,,,,,,,,,,,
117645,/service/sys/sys_config.jsp,获取配置信息,12,,,,,,,,,,,,,,,
111849,/service/album/album_mark_operation.jsp,获取相册水印,12,,,,,,,,,,,,,,,
109361,/service/sys/album_notify.jsp?act=get_last_notify,是否为预发布用户,12,,,,,,,,,,,,,,,
108451,/service/account/get_develop_status.jsp,获取水印编码,12,,,,,,,,,,,,,,,
99733,/service/album/album_theme_operation.jsp?act=get_markcode,提示app是否需要更新,12,,,,,,,,,,,,,,,
91939,/service/app_update.jsp,关注列表,12,,,,,,,,,,,,,,,
89445,/service/album/get_album_list.jsp?act=attention,获取水印,12,,,,,,,,,,,,,,,
84703,/service/album/album_mark_operation.jsp?act=get_watermark,修改相册图片,12,,,,,,,,,,,,,,,
4621278,/service/album/get_album_data.jsp,小红点,13,,,,,,,,,,,,,,,
524122,/service/album/get_album_themes_list.jsp?act=single_album,获取相册信息,13,,,,,,,,,,,,,,,
516139,/service/album/get_album_themes_list.jsp?act=local_img,获取本地图片,13,,,,,,,,,,,,,,,
485917,/static/index.html,首页,13,,,,,,,,,,,,,,,
482636,/service/get_qiuniu_token.jsp,获取七牛token,13,,,,,,,,,,,,,,,
311096,/service/album/album_operation.jsp?act=get_shop_minicode,获取相册小程序码,13,,,,,,,,,,,,,,,
296842,/service/account/user_info_operation.jsp?act=get_vip_object,获取vip信息,13,,,,,,,,,,,,,,,
273939,/service/sys/sys_config.jsp?act=get_android_config,获取安卓配置,13,,,,,,,,,,,,,,,
256558,/service/album/share_operation.jsp?act=share_plat,保存分享平台,13,,,,,,,,,,,,,,,
235287,/service/album/album_theme_operation.jsp?act=save_theme,保存商品,13,,,,,,,,,,,,,,,
214209,/service/album/get_album_themes_list.jsp?act=owner,我的动态,13,,,,,,,,,,,,,,,
156935,/service/album/get_album_themes_list.jsp?act=single_item,获取商品信息,13,,,,,,,,,,,,,,,
138613,/service/album/album_theme_tag_operation.jsp?act=get_tags_except,获取所有标签(不包含无商品的标签和无标签的分组),13,,,,,,,,,,,,,,,
132692,/service/album/album_theme_operation.jsp?act=app_hold_theme_only,保存上家商品,13,,,,,,,,,,,,,,,
122503,/service/jsapi_service.jsp?act=get_config,之前的配置信息,13,,,,,,,,,,,,,,,
120453,/service/account/user_info_operation.jsp,用户信息操作,13,,,,,,,,,,,,,,,
103523,/service/sys/album_notify.jsp?act=get_last_notify,是否为预发布用户,13,,,,,,,,,,,,,,,
101508,/service/account/get_develop_status.jsp,获取配置信息,13,,,,,,,,,,,,,,,
99957,/service/sys/sys_config.jsp,获取相册水印,13,,,,,,,,,,,,,,,
92775,/service/album/album_mark_operation.jsp,获取水印编码,13,,,,,,,,,,,,,,,
90477,/service/album/album_theme_operation.jsp?act=get_markcode,提示app是否需要更新,13,,,,,,,,,,,,,,,
88412,/service/app_update.jsp,关注列表,13,,,,,,,,,,,,,,,
81767,/service/album/get_album_list.jsp?act=attention,获取水印,13,,,,,,,,,,,,,,,
80224,/service/album/album_mark_operation.jsp?act=get_watermark,修改相册图片,13,,,,,,,,,,,,,,,
4961224,/service/album/get_album_data.jsp,小红点,14,,,,,,,,,,,,,,,
580283,/service/album/get_album_themes_list.jsp?act=single_album,获取相册信息,14,,,,,,,,,,,,,,,
524879,/service/album/get_album_themes_list.jsp?act=local_img,获取本地图片,14,,,,,,,,,,,,,,,
515215,/static/index.html,首页,14,,,,,,,,,,,,,,,
504829,/service/get_qiuniu_token.jsp,获取七牛token,14,,,,,,,,,,,,,,,
309183,/service/album/album_operation.jsp?act=get_shop_minicode,获取相册小程序码,14,,,,,,,,,,,,,,,
299376,/service/account/user_info_operation.jsp?act=get_vip_object,获取vip信息,14,,,,,,,,,,,,,,,
280421,/service/sys/sys_config.jsp?act=get_android_config,获取安卓配置,14,,,,,,,,,,,,,,,
257754,/service/album/share_operation.jsp?act=share_plat,保存分享平台,14,,,,,,,,,,,,,,,
239599,/service/album/album_theme_operation.jsp?act=save_theme,保存商品,14,,,,,,,,,,,,,,,
223697,/service/album/get_album_themes_list.jsp?act=owner,我的动态,14,,,,,,,,,,,,,,,
169902,/service/album/get_album_themes_list.jsp?act=single_item,获取商品信息,14,,,,,,,,,,,,,,,
146499,/service/album/album_theme_tag_operation.jsp?act=get_tags_except,获取所有标签(不包含无商品的标签和无标签的分组),14,,,,,,,,,,,,,,,
137571,/service/album/album_theme_operation.jsp?act=app_hold_theme_only,保存上家商品,14,,,,,,,,,,,,,,,
128271,/service/jsapi_service.jsp?act=get_config,之前的配置信息,14,,,,,,,,,,,,,,,
127409,/service/account/user_info_operation.jsp,用户信息操作,14,,,,,,,,,,,,,,,
107273,/service/sys/sys_config.jsp,获取配置信息,14,,,,,,,,,,,,,,,
105887,/service/sys/album_notify.jsp?act=get_last_notify,是否为预发布用户,14,,,,,,,,,,,,,,,
104911,/service/account/get_develop_status.jsp,获取相册水印,14,,,,,,,,,,,,,,,
97954,/service/album/album_mark_operation.jsp,提示app是否需要更新,14,,,,,,,,,,,,,,,
87795,/service/app_update.jsp,获取水印编码,14,,,,,,,,,,,,,,,
87477,/service/album/album_theme_operation.jsp?act=get_markcode,关注列表,14,,,,,,,,,,,,,,,
84830,/service/album/get_album_list.jsp?act=attention,获取水印,14,,,,,,,,,,,,,,,
79580,/service/album/album_mark_operation.jsp?act=get_watermark,修改相册图片,14,,,,,,,,,,,,,,,
5104729,/service/album/get_album_data.jsp,小红点,15,,,,,,,,,,,,,,,
555571,/service/album/get_album_themes_list.jsp?act=single_album,获取相册信息,15,,,,,,,,,,,,,,,
519887,/static/index.html,首页,15,,,,,,,,,,,,,,,
516424,/service/get_qiuniu_token.jsp,获取七牛token,15,,,,,,,,,,,,,,,
515214,/service/album/get_album_themes_list.jsp?act=local_img,获取本地图片,15,,,,,,,,,,,,,,,
302163,/service/album/album_operation.jsp?act=get_shop_minicode,获取相册小程序码,15,,,,,,,,,,,,,,,
291186,/service/account/user_info_operation.jsp?act=get_vip_object,获取vip信息,15,,,,,,,,,,,,,,,
280765,/service/sys/sys_config.jsp?act=get_android_config,获取安卓配置,15,,,,,,,,,,,,,,,
246854,/service/album/share_operation.jsp?act=share_plat,保存分享平台,15,,,,,,,,,,,,,,,
240336,/service/album/album_theme_operation.jsp?act=save_theme,保存商品,15,,,,,,,,,,,,,,,
234373,/service/album/get_album_themes_list.jsp?act=owner,我的动态,15,,,,,,,,,,,,,,,
172844,/service/album/get_album_themes_list.jsp?act=single_item,获取商品信息,15,,,,,,,,,,,,,,,
148218,/service/album/album_theme_tag_operation.jsp?act=get_tags_except,获取所有标签(不包含无商品的标签和无标签的分组),15,,,,,,,,,,,,,,,
129895,/service/album/album_theme_operation.jsp?act=app_hold_theme_only,保存上家商品,15,,,,,,,,,,,,,,,
128967,/service/jsapi_service.jsp?act=get_config,之前的配置信息,15,,,,,,,,,,,,,,,
128779,/service/account/user_info_operation.jsp,用户信息操作,15,,,,,,,,,,,,,,,
111015,/service/sys/sys_config.jsp,获取配置信息,15,,,,,,,,,,,,,,,
107839,/service/sys/album_notify.jsp?act=get_last_notify,是否为预发布用户,15,,,,,,,,,,,,,,,
106876,/service/account/get_develop_status.jsp,获取相册水印,15,,,,,,,,,,,,,,,
98226,/service/album/album_mark_operation.jsp,提示app是否需要更新,15,,,,,,,,,,,,,,,
87670,/service/app_update.jsp,关注列表,15,,,,,,,,,,,,,,,
87573,/service/album/get_album_list.jsp?act=attention,获取水印编码,15,,,,,,,,,,,,,,,
83602,/service/album/album_theme_operation.jsp?act=get_markcode,获取水印,15,,,,,,,,,,,,,,,
80938,/service/album/album_mark_operation.jsp?act=get_watermark,修改相册图片,15,,,,,,,,,,,,,,,
5099985,/service/album/get_album_data.jsp,小红点,16,,,,,,,,,,,,,,,
526555,/service/album/get_album_themes_list.jsp?act=single_album,获取相册信息,16,,,,,,,,,,,,,,,
492714,/service/album/get_album_themes_list.jsp?act=local_img,获取本地图片,16,,,,,,,,,,,,,,,
490752,/static/index.html,首页,16,,,,,,,,,,,,,,,
487757,/service/get_qiuniu_token.jsp,获取七牛token,16,,,,,,,,,,,,,,,
285570,/service/album/album_operation.jsp?act=get_shop_minicode,获取相册小程序码,16,,,,,,,,,,,,,,,
274628,/service/account/user_info_operation.jsp?act=get_vip_object,获取vip信息,16,,,,,,,,,,,,,,,
272462,/service/sys/sys_config.jsp?act=get_android_config,获取安卓配置,16,,,,,,,,,,,,,,,
234947,/service/album/share_operation.jsp?act=share_plat,保存分享平台,16,,,,,,,,,,,,,,,
227980,/service/album/get_album_themes_list.jsp?act=owner,我的动态,16,,,,,,,,,,,,,,,
219182,/service/album/album_theme_operation.jsp?act=save_theme,保存商品,16,,,,,,,,,,,,,,,
166706,/service/album/get_album_themes_list.jsp?act=single_item,获取商品信息,16,,,,,,,,,,,,,,,
139924,/service/album/album_theme_tag_operation.jsp?act=get_tags_except,获取所有标签(不包含无商品的标签和无标签的分组),16,,,,,,,,,,,,,,,
123145,/service/album/album_theme_operation.jsp?act=app_hold_theme_only,保存上家商品,16,,,,,,,,,,,,,,,
121555,/service/jsapi_service.jsp?act=get_config,之前的配置信息,16,,,,,,,,,,,,,,,
115343,/service/account/user_info_operation.jsp,用户信息操作,16,,,,,,,,,,,,,,,
104367,/service/sys/album_notify.jsp?act=get_last_notify,是否为预发布用户,16,,,,,,,,,,,,,,,
103216,/service/account/get_develop_status.jsp,获取配置信息,16,,,,,,,,,,,,,,,
101463,/service/sys/sys_config.jsp,获取相册水印,16,,,,,,,,,,,,,,,
86488,/service/album/album_mark_operation.jsp,提示app是否需要更新,16,,,,,,,,,,,,,,,
86228,/service/app_update.jsp,关注列表,16,,,,,,,,,,,,,,,
81822,/service/album/get_album_list.jsp?act=attention,获取水印编码,16,,,,,,,,,,,,,,,
79799,/service/album/album_theme_operation.jsp?act=get_markcode,获取水印,16,,,,,,,,,,,,,,,
79164,/service/album/album_mark_operation.jsp?act=get_watermark,修改相册图片,16,,,,,,,,,,,,,,,
4768994,/service/album/get_album_data.jsp,小红点,17,,,,,,,,,,,,,,,
463049,/service/album/get_album_themes_list.jsp?act=single_album,获取相册信息,17,,,,,,,,,,,,,,,
436147,/service/album/get_album_themes_list.jsp?act=local_img,获取本地图片,17,,,,,,,,,,,,,,,
428374,/static/index.html,首页,17,,,,,,,,,,,,,,,
421726,/service/get_qiuniu_token.jsp,获取七牛token,17,,,,,,,,,,,,,,,
250185,/service/album/album_operation.jsp?act=get_shop_minicode,获取相册小程序码,17,,,,,,,,,,,,,,,
242740,/service/account/user_info_operation.jsp?act=get_vip_object,获取vip信息,17,,,,,,,,,,,,,,,
239334,/service/sys/sys_config.jsp?act=get_android_config,获取安卓配置,17,,,,,,,,,,,,,,,
209285,/service/album/share_operation.jsp?act=share_plat,保存分享平台,17,,,,,,,,,,,,,,,
199548,/service/album/get_album_themes_list.jsp?act=owner,我的动态,17,,,,,,,,,,,,,,,
183972,/service/album/album_theme_operation.jsp?act=save_theme,保存商品,17,,,,,,,,,,,,,,,
142478,/service/album/get_album_themes_list.jsp?act=single_item,获取商品信息,17,,,,,,,,,,,,,,,
120712,/service/album/album_theme_tag_operation.jsp?act=get_tags_except,获取所有标签(不包含无商品的标签和无标签的分组),17,,,,,,,,,,,,,,,
114091,/service/album/album_theme_operation.jsp?act=app_hold_theme_only,保存上家商品,17,,,,,,,,,,,,,,,
105520,/service/jsapi_service.jsp?act=get_config,之前的配置信息,17,,,,,,,,,,,,,,,
94052,/service/sys/album_notify.jsp?act=get_last_notify,用户信息操作,17,,,,,,,,,,,,,,,
94025,/service/account/user_info_operation.jsp,是否为预发布用户,17,,,,,,,,,,,,,,,
92629,/service/account/get_develop_status.jsp,获取配置信息,17,,,,,,,,,,,,,,,
84490,/service/sys/sys_config.jsp,提示app是否需要更新,17,,,,,,,,,,,,,,,
76570,/service/app_update.jsp,关注列表,17,,,,,,,,,,,,,,,
71181,/service/album/get_album_list.jsp?act=attention,获取相册水印,17,,,,,,,,,,,,,,,
70484,/service/album/album_mark_operation.jsp,获取水印,17,,,,,,,,,,,,,,,
70422,/service/album/album_mark_operation.jsp?act=get_watermark,获取水印编码,17,,,,,,,,,,,,,,,
68168,/service/album/album_theme_operation.jsp?act=get_markcode,修改相册图片,17,,,,,,,,,,,,,,,
4414629,/service/album/get_album_data.jsp,小红点,18,,,,,,,,,,,,,,,
401278,/service/album/get_album_themes_list.jsp?act=single_album,获取相册信息,18,,,,,,,,,,,,,,,
389345,/service/album/get_album_themes_list.jsp?act=local_img,获取本地图片,18,,,,,,,,,,,,,,,
370234,/static/index.html,首页,18,,,,,,,,,,,,,,,
366160,/service/get_qiuniu_token.jsp,获取七牛token,18,,,,,,,,,,,,,,,
221745,/service/album/album_operation.jsp?act=get_shop_minicode,获取相册小程序码,18,,,,,,,,,,,,,,,
216337,/service/account/user_info_operation.jsp?act=get_vip_object,获取vip信息,18,,,,,,,,,,,,,,,
213445,/service/sys/sys_config.jsp?act=get_android_config,获取安卓配置,18,,,,,,,,,,,,,,,
183336,/service/album/share_operation.jsp?act=share_plat,保存分享平台,18,,,,,,,,,,,,,,,
178517,/service/album/get_album_themes_list.jsp?act=owner,我的动态,18,,,,,,,,,,,,,,,
157855,/service/album/album_theme_operation.jsp?act=save_theme,保存商品,18,,,,,,,,,,,,,,,
122515,/service/album/get_album_themes_list.jsp?act=single_item,获取商品信息,18,,,,,,,,,,,,,,,
105826,/service/album/album_theme_tag_operation.jsp?act=get_tags_except,获取所有标签(不包含无商品的标签和无标签的分组),18,,,,,,,,,,,,,,,
99643,/service/album/album_theme_operation.jsp?act=app_hold_theme_only,保存上家商品,18,,,,,,,,,,,,,,,
92738,/service/jsapi_service.jsp?act=get_config,之前的配置信息,18,,,,,,,,,,,,,,,
84936,/service/sys/album_notify.jsp?act=get_last_notify,是否为预发布用户,18,,,,,,,,,,,,,,,
83752,/service/account/get_develop_status.jsp,用户信息操作,18,,,,,,,,,,,,,,,
76195,/service/account/user_info_operation.jsp,提示app是否需要更新,18,,,,,,,,,,,,,,,
69819,/service/app_update.jsp,获取配置信息,18,,,,,,,,,,,,,,,
67797,/service/sys/sys_config.jsp,获取水印,18,,,,,,,,,,,,,,,
64218,/service/album/album_mark_operation.jsp?act=get_watermark,关注列表,18,,,,,,,,,,,,,,,
61487,/service/album/get_album_list.jsp?act=attention,获取水印编码,18,,,,,,,,,,,,,,,
60789,/service/album/album_theme_operation.jsp?act=get_markcode,获取相册水印,18,,,,,,,,,,,,,,,
57030,/service/album/album_mark_operation.jsp,修改相册图片,18,,,,,,,,,,,,,,,
4099994,/service/album/get_album_data.jsp,小红点,19,,,,,,,,,,,,,,,
361156,/service/album/get_album_themes_list.jsp?act=local_img,获取本地图片,19,,,,,,,,,,,,,,,
346497,/service/album/get_album_themes_list.jsp?act=single_album,获取相册信息,19,,,,,,,,,,,,,,,
323555,/static/index.html,首页,19,,,,,,,,,,,,,,,
321635,/service/get_qiuniu_token.jsp,获取七牛token,19,,,,,,,,,,,,,,,
208554,/service/album/album_operation.jsp?act=get_shop_minicode,获取相册小程序码,19,,,,,,,,,,,,,,,
199915,/service/sys/sys_config.jsp?act=get_android_config,获取安卓配置,19,,,,,,,,,,,,,,,
199392,/service/account/user_info_operation.jsp?act=get_vip_object,获取vip信息,19,,,,,,,,,,,,,,,
167294,/service/album/share_operation.jsp?act=share_plat,保存分享平台,19,,,,,,,,,,,,,,,
157678,/service/album/get_album_themes_list.jsp?act=owner,我的动态,19,,,,,,,,,,,,,,,
139158,/service/album/album_theme_operation.jsp?act=save_theme,保存商品,19,,,,,,,,,,,,,,,
107321,/service/album/get_album_themes_list.jsp?act=single_item,获取商品信息,19,,,,,,,,,,,,,,,
93368,/service/album/album_theme_tag_operation.jsp?act=get_tags_except,获取所有标签(不包含无商品的标签和无标签的分组),19,,,,,,,,,,,,,,,
89531,/service/album/album_theme_operation.jsp?act=app_hold_theme_only,保存上家商品,19,,,,,,,,,,,,,,,
83859,/service/jsapi_service.jsp?act=get_config,之前的配置信息,19,,,,,,,,,,,,,,,
77794,/service/sys/album_notify.jsp?act=get_last_notify,是否为预发布用户,19,,,,,,,,,,,,,,,
76321,/service/account/get_develop_status.jsp,提示app是否需要更新,19,,,,,,,,,,,,,,,
66030,/service/app_update.jsp,用户信息操作,19,,,,,,,,,,,,,,,
62170,/service/account/user_info_operation.jsp,获取水印,19,,,,,,,,,,,,,,,
60830,/service/album/album_mark_operation.jsp?act=get_watermark,获取水印编码,19,,,,,,,,,,,,,,,
58207,/service/album/album_theme_operation.jsp?act=get_markcode,获取配置信息,19,,,,,,,,,,,,,,,
55300,/service/sys/sys_config.jsp,关注列表,19,,,,,,,,,,,,,,,
54237,/service/album/get_album_list.jsp?act=attention,获取相册水印,19,,,,,,,,,,,,,,,
47483,/service/album/album_mark_operation.jsp,修改相册图片,19,,,,,,,,,,,,,,,
4386239,/service/album/get_album_data.jsp,小红点,20,,,,,,,,,,,,,,,
424042,/service/album/get_album_themes_list.jsp?act=local_img,获取本地图片,20,,,,,,,,,,,,,,,
388052,/service/album/get_album_themes_list.jsp?act=single_album,获取相册信息,20,,,,,,,,,,,,,,,
364357,/static/index.html,首页,20,,,,,,,,,,,,,,,
355993,/service/get_qiuniu_token.jsp,获取七牛token,20,,,,,,,,,,,,,,,
244609,/service/album/album_operation.jsp?act=get_shop_minicode,获取相册小程序码,20,,,,,,,,,,,,,,,
236021,/service/account/user_info_operation.jsp?act=get_vip_object,获取vip信息,20,,,,,,,,,,,,,,,
233321,/service/sys/sys_config.jsp?act=get_android_config,获取安卓配置,20,,,,,,,,,,,,,,,
197620,/service/album/share_operation.jsp?act=share_plat,保存分享平台,20,,,,,,,,,,,,,,,
176780,/service/album/get_album_themes_list.jsp?act=owner,我的动态,20,,,,,,,,,,,,,,,
156350,/service/album/album_theme_operation.jsp?act=save_theme,保存商品,20,,,,,,,,,,,,,,,
123638,/service/album/get_album_themes_list.jsp?act=single_item,获取商品信息,20,,,,,,,,,,,,,,,
107388,/service/album/album_theme_operation.jsp?act=app_hold_theme_only,保存上家商品,20,,,,,,,,,,,,,,,
105917,/service/album/album_theme_tag_operation.jsp?act=get_tags_except,获取所有标签(不包含无商品的标签和无标签的分组),20,,,,,,,,,,,,,,,
96102,/service/jsapi_service.jsp?act=get_config,之前的配置信息,20,,,,,,,,,,,,,,,
85873,/service/sys/album_notify.jsp?act=get_last_notify,是否为预发布用户,20,,,,,,,,,,,,,,,
84011,/service/account/get_develop_status.jsp,提示app是否需要更新,20,,,,,,,,,,,,,,,
75548,/service/app_update.jsp,获取水印,20,,,,,,,,,,,,,,,
68121,/service/album/album_mark_operation.jsp?act=get_watermark,获取水印编码,20,,,,,,,,,,,,,,,
67980,/service/album/album_theme_operation.jsp?act=get_markcode,用户信息操作,20,,,,,,,,,,,,,,,
66721,/service/account/user_info_operation.jsp,关注列表,20,,,,,,,,,,,,,,,
60645,/service/album/get_album_list.jsp?act=attention,获取配置信息,20,,,,,,,,,,,,,,,
58998,/service/sys/sys_config.jsp,获取相册水印,20,,,,,,,,,,,,,,,
51269,/service/album/album_mark_operation.jsp,修改相册图片,20,,,,,,,,,,,,,,,
4694796,/service/album/get_album_data.jsp,小红点,21,,,,,,,,,,,,,,,
463045,/service/album/get_album_themes_list.jsp?act=local_img,获取本地图片,21,,,,,,,,,,,,,,,
428313,/service/album/get_album_themes_list.jsp?act=single_album,获取相册信息,21,,,,,,,,,,,,,,,
404893,/static/index.html,首页,21,,,,,,,,,,,,,,,
382293,/service/get_qiuniu_token.jsp,获取七牛token,21,,,,,,,,,,,,,,,
262232,/service/album/album_operation.jsp?act=get_shop_minicode,获取相册小程序码,21,,,,,,,,,,,,,,,
255692,/service/account/user_info_operation.jsp?act=get_vip_object,获取vip信息,21,,,,,,,,,,,,,,,
255062,/service/sys/sys_config.jsp?act=get_android_config,获取安卓配置,21,,,,,,,,,,,,,,,
215773,/service/album/share_operation.jsp?act=share_plat,保存分享平台,21,,,,,,,,,,,,,,,
187650,/service/album/get_album_themes_list.jsp?act=owner,我的动态,21,,,,,,,,,,,,,,,
168764,/service/album/album_theme_operation.jsp?act=save_theme,保存商品,21,,,,,,,,,,,,,,,
137094,/service/album/get_album_themes_list.jsp?act=single_item,获取商品信息,21,,,,,,,,,,,,,,,
118794,/service/album/album_theme_operation.jsp?act=app_hold_theme_only,保存上家商品,21,,,,,,,,,,,,,,,
115305,/service/album/album_theme_tag_operation.jsp?act=get_tags_except,获取所有标签(不包含无商品的标签和无标签的分组),21,,,,,,,,,,,,,,,
106254,/service/jsapi_service.jsp?act=get_config,之前的配置信息,21,,,,,,,,,,,,,,,
91161,/service/sys/album_notify.jsp?act=get_last_notify,是否为预发布用户,21,,,,,,,,,,,,,,,
88800,/service/account/get_develop_status.jsp,提示app是否需要更新,21,,,,,,,,,,,,,,,
80785,/service/app_update.jsp,用户信息操作,21,,,,,,,,,,,,,,,
73763,/service/account/user_info_operation.jsp,获取水印,21,,,,,,,,,,,,,,,
72425,/service/album/album_mark_operation.jsp?act=get_watermark,获取水印编码,21,,,,,,,,,,,,,,,
72241,/service/album/album_theme_operation.jsp?act=get_markcode,关注列表,21,,,,,,,,,,,,,,,
65878,/service/album/get_album_list.jsp?act=attention,获取配置信息,21,,,,,,,,,,,,,,,
64772,/service/sys/sys_config.jsp,获取相册水印,21,,,,,,,,,,,,,,,
56827,/service/album/album_mark_operation.jsp,修改相册图片,21,,,,,,,,,,,,,,,
4700002,/service/album/get_album_data.jsp,小红点,22,,,,,,,,,,,,,,,
452368,/service/album/get_album_themes_list.jsp?act=local_img,获取本地图片,22,,,,,,,,,,,,,,,
438366,/service/album/get_album_themes_list.jsp?act=single_album,获取相册信息,22,,,,,,,,,,,,,,,
405100,/static/index.html,首页,22,,,,,,,,,,,,,,,
384579,/service/get_qiuniu_token.jsp,获取七牛token,22,,,,,,,,,,,,,,,
256803,/service/sys/sys_config.jsp?act=get_android_config,获取安卓配置,22,,,,,,,,,,,,,,,
255490,/service/album/album_operation.jsp?act=get_shop_minicode,获取相册小程序码,22,,,,,,,,,,,,,,,
245230,/service/account/user_info_operation.jsp?act=get_vip_object,获取vip信息,22,,,,,,,,,,,,,,,
200306,/service/album/share_operation.jsp?act=share_plat,保存分享平台,22,,,,,,,,,,,,,,,
192368,/service/album/get_album_themes_list.jsp?act=owner,我的动态,22,,,,,,,,,,,,,,,
168659,/service/album/album_theme_operation.jsp?act=save_theme,保存商品,22,,,,,,,,,,,,,,,
140716,/service/album/get_album_themes_list.jsp?act=single_item,获取商品信息,22,,,,,,,,,,,,,,,
116229,/service/album/album_theme_tag_operation.jsp?act=get_tags_except,获取所有标签(不包含无商品的标签和无标签的分组),22,,,,,,,,,,,,,,,
106704,/service/jsapi_service.jsp?act=get_config,之前的配置信息,22,,,,,,,,,,,,,,,
105647,/service/album/album_theme_operation.jsp?act=app_hold_theme_only,保存上家商品,22,,,,,,,,,,,,,,,
90703,/service/sys/album_notify.jsp?act=get_last_notify,是否为预发布用户,22,,,,,,,,,,,,,,,
87687,/service/account/get_develop_status.jsp,提示app是否需要更新,22,,,,,,,,,,,,,,,
78952,/service/app_update.jsp,用户信息操作,22,,,,,,,,,,,,,,,
73928,/service/account/user_info_operation.jsp,获取水印,22,,,,,,,,,,,,,,,
72107,/service/album/album_mark_operation.jsp?act=get_watermark,获取水印编码,22,,,,,,,,,,,,,,,
71939,/service/album/album_theme_operation.jsp?act=get_markcode,关注列表,22,,,,,,,,,,,,,,,
67107,/service/album/get_album_list.jsp?act=attention,获取配置信息,22,,,,,,,,,,,,,,,
66240,/service/sys/sys_config.jsp,获取相册水印,22,,,,,,,,,,,,,,,
57459,/service/album/album_mark_operation.jsp,修改相册图片,22,,,,,,,,,,,,,,,
4372555,/service/album/get_album_data.jsp,小红点,23,,,,,,,,,,,,,,,
404522,/service/album/get_album_themes_list.jsp?act=single_album,获取相册信息,23,,,,,,,,,,,,,,,
397173,/service/album/get_album_themes_list.jsp?act=local_img,获取本地图片,23,,,,,,,,,,,,,,,
364671,/static/index.html,首页,23,,,,,,,,,,,,,,,
335118,/service/get_qiuniu_token.jsp,获取七牛token,23,,,,,,,,,,,,,,,
236164,/service/sys/sys_config.jsp?act=get_android_config,获取安卓配置,23,,,,,,,,,,,,,,,
212744,/service/album/album_operation.jsp?act=get_shop_minicode,获取相册小程序码,23,,,,,,,,,,,,,,,
204969,/service/account/user_info_operation.jsp?act=get_vip_object,获取vip信息,23,,,,,,,,,,,,,,,
163776,/service/album/get_album_themes_list.jsp?act=owner,我的动态,23,,,,,,,,,,,,,,,
160202,/service/album/share_operation.jsp?act=share_plat,保存分享平台,23,,,,,,,,,,,,,,,
149942,/service/album/album_theme_operation.jsp?act=save_theme,保存商品,23,,,,,,,,,,,,,,,
135741,/service/album/get_album_themes_list.jsp?act=single_item,获取商品信息,23,,,,,,,,,,,,,,,
103864,/service/album/album_theme_tag_operation.jsp?act=get_tags_except,获取所有标签(不包含无商品的标签和无标签的分组),23,,,,,,,,,,,,,,,
96473,/service/jsapi_service.jsp?act=get_config,之前的配置信息,23,,,,,,,,,,,,,,,
81478,/service/album/album_theme_operation.jsp?act=app_hold_theme_only,保存上家商品,23,,,,,,,,,,,,,,,
76280,/service/sys/album_notify.jsp?act=get_last_notify,是否为预发布用户,23,,,,,,,,,,,,,,,
73110,/service/account/get_develop_status.jsp,提示app是否需要更新,23,,,,,,,,,,,,,,,
67324,/service/app_update.jsp,用户信息操作,23,,,,,,,,,,,,,,,
64444,/service/account/user_info_operation.jsp,获取水印编码,23,,,,,,,,,,,,,,,
63910,/service/album/album_theme_operation.jsp?act=get_markcode,关注列表,23,,,,,,,,,,,,,,,
61306,/service/album/get_album_list.jsp?act=attention,获取水印,23,,,,,,,,,,,,,,,
60991,/service/album/album_mark_operation.jsp?act=get_watermark,获取配置信息,23,,,,,,,,,,,,,,,
55267,/service/sys/sys_config.jsp,获取相册水印,23,,,,,,,,,,,,,,,
51016,/service/album/album_mark_operation.jsp,修改相册图片,23,,,,,,,,,,,,,,,
81647818,/service/album/get_album_data.jsp,小红点,24,81647818,,,,,,,,,,,,,,
7926439,/service/album/get_album_themes_list.jsp?act=local_img,获取本地图片,24,,,,,,,,,,,,,,,
7868545,/service/album/get_album_themes_list.jsp?act=single_album,获取相册信息,24,,,,,,,,,,,,,,,
7353712,/static/index.html,首页,24,,,,,,,,,,,,,,,
7217753,/service/get_qiuniu_token.jsp,获取七牛token,24,,,,,,,,,,,,,,,
4670737,/service/album/album_operation.jsp?act=get_shop_minicode,获取相册小程序码,24,,,,,,,,,,,,,,,
4502496,/service/account/user_info_operation.jsp?act=get_vip_object,获取vip信息,24,,,,,,,,,,,,,,,
4283285,/service/sys/sys_config.jsp?act=get_android_config,获取安卓配置,24,,,,,,,,,,,,,,,
3796257,/service/album/share_operation.jsp?act=share_plat,保存分享平台,24,,,,,,,,,,,,,,,
3467676,/service/album/album_theme_operation.jsp?act=save_theme,保存商品,24,,,,,,,,,,,,,,,
3276307,/service/album/get_album_themes_list.jsp?act=owner,我的动态,24,,,,,,,,,,,,,,,
2465034,/service/album/get_album_themes_list.jsp?act=single_item,获取商品信息,24,,,,,,,,,,,,,,,
2117213,/service/album/album_theme_tag_operation.jsp?act=get_tags_except,获取所有标签(不包含无商品的标签和无标签的分组),24,,,,,,,,,,,,,,,
1983558,/service/album/album_theme_operation.jsp?act=app_hold_theme_only,保存上家商品,24,,,,,,,,,,,,,,,
1882138,/service/jsapi_service.jsp?act=get_config,之前的配置信息,24,,,,,,,,,,,,,,,
1708790,/service/account/user_info_operation.jsp,用户信息操作,24,,,,,,,,,,,,,,,
1558839,/service/sys/album_notify.jsp?act=get_last_notify,是否为预发布用户,24,,,,,,,,,,,,,,,
1530131,/service/account/get_develop_status.jsp,获取配置信息,24,,,,,,,,,,,,,,,
1364603,/service/sys/sys_config.jsp,获取水印编码,24,,,,,,,,,,,,,,,
1364185,/service/album/album_theme_operation.jsp?act=get_markcode,提示app是否需要更新,24,,,,,,,,,,,,,,,
1331227,/service/app_update.jsp,获取相册水印,24,,,,,,,,,,,,,,,
1319875,/service/album/album_mark_operation.jsp,关注列表,24,,,,,,,,,,,,,,,
1234373,/service/album/get_album_list.jsp?act=attention,获取水印,24,,,,,,,,,,,,,,,
1217112,/service/album/album_mark_operation.jsp?act=get_watermark,修改相册图片,24,,,,,,,,,,,,,,,
,,,,,,,,,,,,,,,,,,
,,,,,,,,,,,,,,,,,,
业务名称,9,10,11,12,13,14,15,16,17,18,19,20,21,22,23,0,PV总数,
获取本地图片/service/album/get_album_themes_list.jsp?act=local_img,340647,494113,589718,553796,516139,524879,515214,492714,436147,389345,361156,424042,463045,452368,397173,283677,7234173,0.081518371
获取相册信息/service/album/get_album_themes_list.jsp?act=single_album,263143,417610,551263,559535,524122,580283,555571,526555,463049,401278,346497,388052,428313,438366,404522,319445,7167604,0.076910359
获取七牛token/service/get_qiuniu_token.jsp,268744,425032,537556,537371,482636,504829,516424,487757,421726,366160,321635,355993,382293,384579,335118,254898,6582751,0.081661299
获取小程序码/service/album/album_operation.jsp?act=get_shop_minicode,217943,313347,369456,342666,311096,309183,302163,285570,250185,221745,208554,244609,262232,255490,212744,149323,4256306,0.08680203
获取vip信息/service/account/user_info_operation.jsp?act=get_vip_object,205144,299626,355539,325629,296842,299376,291186,274628,242740,216337,199392,236021,255692,245230,204969,146925,4095276,0.086816859
获取安卓配置/service/sys/sys_config.jsp?act=get_android_config,172756,246214,297170,288036,273939,280421,280765,282762,239334,213445,199915,233321,255062,256803,236164,171840,3927947,0.075655298
保存分享平台/service/album/share_operation.jsp?act=share_plat,175203,265389,312960,286102,256558,257754,246854,234947,209285,183336,167294,197620,215773,200306,160202,107548,3477131,0.090005237
保存商品/service/album/album_theme_operation.jsp?act=save_theme,142385,217540,275937,270364,235287,239599,240336,219182,183972,157855,139158,156360,168764,168659,149942,121141,3086481,0.089401814
我的动态/service/album/get_album_themes_list.jsp?act=owner,115544,184804,230108,234725,214209,223697,234373,227980,199548,178517,157678,176780,187650,192368,163776,121096,3042853,0.07562245
获取商品信息/service/album/get_album_themes_list.jsp?act=single_item,80624,124203,162809,168932,156935,169902,172844,166706,142478,122515,109321,123638,137094,140716,135741,103553,2218011,0.073403153
获取所有标签/service/album/album_theme_tag_operation.jsp?act=get_tags_except,79963,121495,155095,152629,138613,146499,148218,139924,130712,105826,93368,105917,115305,116229,103864,79795,1933452,0.080216628
保存上家商品/service/album/album_theme_operation.jsp?act=app_hold_theme_only,87414,141515,167799,148223,132692,137571,129895,123145,114091,99643,89531,107388,118794,105647,81478,53672,1838498,0.091269612
之前的配置信息/service/jsapi_service.jsp?act=get_config,71833,106597,133768,131451,122503,128271,128967,121555,105520,92738,83859,96102,106254,106704,96473,73094,1705689,0.078424613
用户信息操作/service/account/user_info_operation.jsp,58866,105600,144214,146483,120453,127409,128779,115343,94025,76195,62170,66721,73763,73928,64444,55113,1513506,0.095284723
获取最新消息/service/sys/album_notify.jsp?act=get_last_notify,62177,92596,109820,109361,103523,105887,107839,104367,94052,84936,77794,85873,91161,90703,76280,52607,1448976,0.075791455
获取配置信息/service/sys/sys_config.jsp,38414,75548,107404,117645,99957,107273,111015,101463,84490,67797,55300,58998,64772,66240,55267,42305,1253888,0.085656773
获取水印编码/service/album/album_theme_operation.jsp?act=get_markcode,68385,95324,110123,99733,90477,87477,83602,79799,68168,60789,58207,67980,72241,71939,63910,44411,1222565,0.090075374
获取相册水印/service/album/album_mark_operation.jsp,46691,82453,111583,111849,92775,97954,97226,86488,70484,57030,47483,51269,56828,57459,51016,43887,1162475,0.095987441
关注列表/service/album/get_album_list.jsp?act=attention,45897,72164,89398,89445,81767,84830,87573,81822,71181,61487,54237,60645,65878,67107,61306,48971,1123708,0.079556255
获取水印/service/album/album_mark_operation.jsp?act=get_watermark,51986,73789,86390,84703,80224,78580,80938,79164,70422,64218,60830,68121,72425,72107,60991,41828,1126716,0.076674157
,,,4898110,,,,,,,,,,,16小时20个接口总pv：,,,59418006,0.082434776
